orgaoCodigo,orgaoDescricao,unidadeCodigo,unidadeDescricao,valorOrcado
1, Câmara Municipal,1, Câmara Municipal,6960000.00
2, Gabinete do Prefeito,1,Gabinete do Prefeito,1515100.00
3, Procuradoria-Geral do Município,1,Procuradoria Geral do Município,3709798.53
3, Procuradoria-Geral do Município,2,Fundo de Reaparelhamento da Procuradoria,109500.00
4, Secretaria de Governo,1,Secretaria de Governo,2008000.00
4, Secretaria de Governo,2,Fundo Municipal de Defesa Civil,7524837.81
5, Secretaria de Planejamento e Meio Ambiente,1,Secretaria de Planejamento e Meio Ambiente,4260300.00
5, Secretaria de Planejamento e Meio Ambiente,2,Gerência de Trânsito de Pomerode - Getran,10466000.00
5, Secretaria de Planejamento e Meio Ambiente,3,Fundo Municipal do Meio Ambiente - FMMA,1962600.00
6,Secretaria de Gestão Administrativa e Fazendária,1,Secretaria de Gestão Administrativa e Fazendária,30971402.57
6,Secretaria de Gestão Administrativa e Fazendária,2,Fundo de Reequipamento do Corpo de Bombeiros Militar - FUNREBOM,1809217.00
6,Secretaria de Gestão Administrativa e Fazendária,3,Tecnologia da Informação e Comunicação,3323300.00
7,Secretaria de Educação e Formação Empreendedora,1,Educação Infantil,33974224.53
7,Secretaria de Educação e Formação Empreendedora,2,Ensino Fundamental,56115488.01
7,Secretaria de Educação e Formação Empreendedora,3,Secretaria da Educação,5250631.33
7,Secretaria de Educação e Formação Empreendedora,4,Ensino Superior,300000.00
8,Secretaria de Obras,1,Secretaria de Obras,49413364.65
8,Secretaria de Obras,2,Iluminação Pública,4903610.25
9,Secretaria de Desenvolvimento Rural,1,Secretaria de Desenvolvimento Rural,4031756.46
9,Secretaria de Desenvolvimento Rural,2,Proteção aos Animais,720804.55
12,"Secretaria de Turismo, Cultura e Desenvolvimento Econômico",1,Turismo,3703404.57
12,"Secretaria de Turismo, Cultura e Desenvolvimento Econômico",2,Cultura,13159403.03
12,"Secretaria de Turismo, Cultura e Desenvolvimento Econômico",3,Fundo Municipal do Desenvolvimento do Turismo,756000.00
12,"Secretaria de Turismo, Cultura e Desenvolvimento Econômico",4,Fundo Municipal de Cultura,3000.00
12,"Secretaria de Turismo, Cultura e Desenvolvimento Econômico",5,Desenvolvimento Econômico,829482.35
13,Secretaria de Desenvolvimento Social e Habitação,1,Fundo Municipal da Assistência Social,7835565.45
13,Secretaria de Desenvolvimento Social e Habitação,2,Conselho Tutelar,1080300.00
13,Secretaria de Desenvolvimento Social e Habitação,3,Fundo Municipal para Criança e o Adolescente,328122.39
13,Secretaria de Desenvolvimento Social e Habitação,4,Fundo Municipal da Pessoa Idosa,484023.43
13,Secretaria de Desenvolvimento Social e Habitação,5,Fundo Municipal p/ Ações de Políticas Sobre Drogas,35258.98
13,Secretaria de Desenvolvimento Social e Habitação,6,Fundo Municipal de Habitação,5385506.00
15, Serviço Autônomo Municipal de Água e Esgoto de Pomerode,1,Serviço Autônomo Municipal de Água e Esgoto,14071589.13
16,Fundo de Aposentadoria e Pensão de Pomerode,1,Fundo de Aposentadoria e Pensão de Pomerode,35268649.83
16,Fundo de Aposentadoria e Pensão de Pomerode,2,Reserva de Contingência do RPPS,5000000.00
19,Fundo Municipal de Saúde,1,Atenção Primária em Saúde,44189690.67
19,Fundo Municipal de Saúde,2,Assistência Hospitalar e Ambulatorial,28062995.61
19,Fundo Municipal de Saúde,3,Vigilância Sanitária,1220656.23
19,Fundo Municipal de Saúde,4,Vigilância Epidemiológica,1351864.20
19,Fundo Municipal de Saúde,5,Alimentação e Nutrição,57436.02
19,Fundo Municipal de Saúde,6,Gestão Saúde,6686887.98
19,Fundo Municipal de Saúde,7,Assistência Farmacêutica,1813345.73
31,"Secretaria de Transparência, Controle e Integridade Pública",1,"Transparência, Controle e Integridade Pública",697400.00
31,"Secretaria de Transparência, Controle e Integridade Pública",2,Ouvidoria,27000.00
32,"Secretaria de Eventos, Esporte e Lazer",1,"Secretaria de Eventos, Esporte e Lazer",5446270.17
32,"Secretaria de Eventos, Esporte e Lazer",2,Atividades Comunitárias e Lazer da Família,155100.00
99,Reserva de Contingência,99,Res. cont. p/ Desp. não Orc. ou Orc. a Menor,100000.00
