contaCodigo,contaDescricao,valorOrcado
4111250010000000000,Imposto sobre a propriedade predial e territorial urbana - Principal,9950000.00
4111250020000000000,Imposto sobre a propriedade predial e territorial urbana - Multas e Juros,71000.00
4111250030000000000,Imposto sobre a propriedade predial e territorial urbana - Dívida Ativa,450000.00
4111250040000000000,Imposto sobre a propriedade predial e territorial urbana - Dívida Ativa - Multas e Juros,100000.00
4111253010000000000,"impostos sobre transmissão ""inter vivos"" de bens imóveis e de direitos reais sobre imóveis - Principal",6000000.00
4111303110000000000,Imposto sobre a renda - retido na fonte - trabalho - Principal,13550000.00
4111303410000000000,Imposto sobre a renda - retido na fonte - outros rendimentos - Principal,2000000.00
4111451110000000000,Imposto sobre serviços de qualquer natureza - issqn - Principal,22400000.00
4111451120000000000,Imposto sobre serviços de qualquer natureza - issqn - Multas e Juros,220000.00
4111451130000000000,Imposto sobre serviços de qualquer natureza - issqn - Dívida Ativa,360000.00
4111451140000000000,Imposto sobre serviços de qualquer natureza - issqn - Dívida Ativa - Multas e Juros,320000.00
4112101010100000000,Taxa pelo exercício do poder de polícia - Principal,1550000.00
4112101010200000000,"Taxa ( LC nº. 173/2009, Inciso I do Art. 3º/ LC nº 370/2019. CONVÊNIO Nº 053/2026 ) - Principal",436500.00
4112101010200000000,"Taxa ( LC nº. 173/2009, Inciso I do Art. 3º/ LC nº 370/2019. CONVÊNIO Nº 053/2026 ) - Principal",291000.00
4112101020100000000,Taxas pelo exercício do poder de polícia - Multas e Juros,22000.00
4112101020200000000,"Taxas ( LC nº. 173/2009, Inciso I do Art. 3º/ LC nº 370/2019. CONVÊNIO Nº 053/2026 ) - Multas e Juros",1500.00
4112101020200000000,"Taxas ( LC nº. 173/2009, Inciso I do Art. 3º/ LC nº 370/2019. CONVÊNIO Nº 053/2026 ) - Multas e Juros",1000.00
4112101030100000000,Taxas pelo exercício do poder de polícia - Divida Ativa,148000.00
4112101030200000000,"Taxas ( LC nº. 173/2009, Inciso I do Art. 3º/ LC nº 370/2019. CONVÊNIO Nº 053/2026 ) - Divida Ativa",600.00
4112101030200000000,"Taxas ( LC nº. 173/2009, Inciso I do Art. 3º/ LC nº 370/2019. CONVÊNIO Nº 053/2026 ) - Divida Ativa",400.00
4112101040100000000,Taxas pelo exercício do poder de polícia - Dívida Ativa Multas e Juros,125000.00
4112101040200000000,"Taxas ( LC nº. 173/2009, Inciso I do Art. 3º/ LC nº 370/2019. CONVÊNIO Nº 053/2026 ) - Divida Ativa Multas e Juros",600.00
4112101040200000000,"Taxas ( LC nº. 173/2009, Inciso I do Art. 3º/ LC nº 370/2019. CONVÊNIO Nº 053/2026 ) - Divida Ativa Multas e Juros",400.00
4112150010000000000,Taxa de fiscalização de vigilância sanitária - Principal,180000.00
4112150020000000000,Taxa de fiscalização de vigilância sanitária - Multas e Juros,4000.00
4112150030000000000,Taxa de fiscalização de vigilância sanitária - Dívida Ativa,26500.00
4112150040000000000,Taxa de fiscalização de vigilância sanitária - Dívida Ativa - Multas e Juros,24500.00
4112201010100000000,Taxas pela prestação de serviços - Principal,435000.00
4112201010200000000,Taxa Meio Ambiente (CIMVI) - Principal,471500.00
4112201010300000000,Taxa Meio Ambiente - Infrações Ambientais - Principal,8000.00
4112201010400000000,"Taxa Meio Ambiente - CRA/ Lei 368/2019 (Certidão de 
Regularização Ambiental) - Principal",46000.00
4112201010500000000,Taxa LC 386/2020 - GETRAN - Principal,1900.00
4112201010600000000,Taxa de Coleta de Lixo - SAMAE - Principal,6294000.00
4112201020100000000,Taxas pela prestação de serviços - Multas e Juros,3000.00
4112201020200000000,Taxa Meio Ambiente (CIMVI) - Multas e Juros,650.00
4112201020300000000,Taxa Meio Ambiente - Infrações Ambientais - Multas e Juros,100.00
4112201020400000000,"Taxa Meio Ambiente - CRA/ Lei 368/2019 (Certidão de 
Regularização Ambiental) - Multas e Juros",1000.00
4112201020500000000,Taxa LC 386/2020 - GETRAN - Multas e Juros,100.00
4112201030100000000,Taxas pela prestação de serviços - Dívida Ativa,28000.00
4112201030200000000,Taxa Meio Ambiente (CIMVI) - Dívida Ativa,150.00
4112201030300000000,Taxa Meio Ambiente - Infrações Ambientais - Dívida Ativa,200.00
4112201030600000000,Taxa de Coleta de Lixo - SAMAE  - Divida Ativa,120000.00
4112201040100000000,Taxas pela prestação de serviços - Dívida Ativa - Multas e Juros,15000.00
4112201040300000000,Taxa Meio Ambiente - Infrações Ambientais - Dívida Ativa - multas e juros,200.00
4113153010000000000,Contribuição de melhoria para pavimentação e obras complementares - Principal,5000.00
4113153020000000000,Contribuição de melhoria para pavimentação e obras complementares - Multas e Juros,2000.00
4113153030000000000,Contribuição de melhoria para pavimentação e obras complementares - Dívida Ativa,1000.00
4113153040000000000,Contribuição de melhoria para pavimentação e obras complementares - Dívida Ativa - Multas e Juros,1000.00
4121501110100000000,Contribuição do Servidor Ativo - PMP,7825200.00
4121501110200000000,Contribuição do Servidor Ativo - FMS,3200000.00
4121501110300000000,Contribuição do Servidor Ativo - CMV,297000.00
4121501110400000000,Contribuição do Servidor Ativo - SAMAE,300000.00
4121501110700000000,Contribuição do Servidor Ativo - FAP,39000.00
4121501210100000000,Contribuição para o rpps,395000.00
4124150010000000000,Contribuição para o custeio do serviço de iluminação pública - Principal,3746000.00
4124150020000000000,Contribuição para o custeio do serviço de iluminação pública - Multas e Juros,1200.00
4124150030000000000,Contribuição para o custeio do serviço de iluminação pública - Dívida Ativa,6000.00
4124150040000000000,Contribuição para o custeio do serviço de iluminação pública - Dívida Ativa - Multas e Juros,4800.00
4131101110000000000,Aluguéis e arrendamentos - Principal,154000.00
4131101120000000000,Aluguéis e arrendamentos - Multas e Juros,1000.00
4131101130000000000,Aluguéis e arrendamentos - Dívida Ativa,12000.00
4131101140000000000,Aluguéis e arrendamentos - Dívida Ativa - Multas e Juros,9000.00
4132101110100000000,Remuneração de depósitos bancários - Recursos Próprios,3000000.00
4132101110200000000,Remuneração de depósitos bancários - Vinculados Outros,50000.00
4132101110200000000,Remuneração de depósitos bancários - Vinculados Outros,1000.00
4132101110200000000,Remuneração de depósitos bancários - Vinculados Outros,30000.00
4132101110200000000,Remuneração de depósitos bancários - Vinculados Outros,20150.00
4132101110200000000,Remuneração de depósitos bancários - Vinculados Outros,25000.00
4132101110200000000,Remuneração de depósitos bancários - Vinculados Outros,150000.00
4132101110200000000,Remuneração de depósitos bancários - Vinculados Outros,1000.00
4132101110200000000,Remuneração de depósitos bancários - Vinculados Outros,30000.00
4132101110200000000,Remuneração de depósitos bancários - Vinculados Outros,163000.00
4132101110200000000,Remuneração de depósitos bancários - Vinculados Outros,30000.00
4132101110200000000,Remuneração de depósitos bancários - Vinculados Outros,500.00
4132101110200000000,Remuneração de depósitos bancários - Vinculados Outros,15000.00
4132101110300000000,Remuneração de depósitos bancários - Educação,500.00
4132101110300000000,Remuneração de depósitos bancários - Educação,300000.00
4132101110300000000,Remuneração de depósitos bancários - Educação,40000.00
4132101110300000000,Remuneração de depósitos bancários - Educação,1000.00
4132101110300000000,Remuneração de depósitos bancários - Educação,1000.00
4132101110300000000,Remuneração de depósitos bancários - Educação,1000.00
4132101110300000000,Remuneração de depósitos bancários - Educação,1000.00
4132101110300000000,Remuneração de depósitos bancários - Educação,600.00
4132101110300000000,Remuneração de depósitos bancários - Educação,2000.00
4132101110400000000,Remuneração de depósitos bancários - Saúde,800000.00
4132101110400000000,Remuneração de depósitos bancários - Saúde,500.00
4132101110400000000,Remuneração de depósitos bancários - Saúde,10000.00
4132101110400000000,Remuneração de depósitos bancários - Saúde,2000.00
4132101110500000000,Remuneração de depósitos bancários - Assistência Social,1000.00
4132101110500000000,Remuneração de depósitos bancários - Assistência Social,300.00
4132101110500000000,Remuneração de depósitos bancários - Assistência Social,1000.00
4132101110500000000,Remuneração de depósitos bancários - Assistência Social,2000.00
4132101110500000000,Remuneração de depósitos bancários - Assistência Social,1000.00
4132101110500000000,Remuneração de depósitos bancários - Assistência Social,1000.00
4132101110500000000,Remuneração de depósitos bancários - Assistência Social,1000.00
4132101110500000000,Remuneração de depósitos bancários - Assistência Social,100.00
4132101110500000000,Remuneração de depósitos bancários - Assistência Social,200.00
4132101110500000000,Remuneração de depósitos bancários - Assistência Social,1000.00
4132101110500000000,Remuneração de depósitos bancários - Assistência Social,200.00
4132101110500000000,Remuneração de depósitos bancários - Assistência Social,10000.00
4132101110600000000,Remuneração de depósitos bancários - Samae,120000.00
4132101110700000000,Remuneração de depósitos bancários - Trânsito (80%/10%/10%),8000.00
4132101110700000000,Remuneração de depósitos bancários - Trânsito (80%/10%/10%),8150.00
4132101110700000000,Remuneração de depósitos bancários - Trânsito (80%/10%/10%),64000.00
4132101110800000000,Remuneração de depósitos bancários - Trânsito (70%/15%/15%),13350.00
4132101110800000000,Remuneração de depósitos bancários - Trânsito (70%/15%/15%),13350.00
4132101110800000000,Remuneração de depósitos bancários - Trânsito (70%/15%/15%),62000.00
4132101110900000000,Remuneração de depósitos bancários - FUNREBOM (60%/40%),222000.00
4132101110900000000,Remuneração de depósitos bancários - FUNREBOM (60%/40%),148000.00
4132101111000000000,Remuneração de depósitos bancários - FIA,1000.00
4132101111000000000,Remuneração de depósitos bancários - FIA,5000.00
4132104010100000000,Remuneração dos recursos do regime próprio de previdência social - RPPS - Renda Fixa,700000.00
4132104010100000000,Remuneração dos recursos do regime próprio de previdência social - RPPS - Renda Fixa,93600.00
4132104010200000000,Remuneração dos recursos do regime próprio de previdência social - RPPS - Renda Variável,250000.00
4151101010000000000,Receita industrial - Principal,978000.00
4161102010100000000,Inscrição em concursos e processos seletivos (PMP) - principal,40000.00
4169950130000000000,Serviços de saneamento básico - abastecimento de água. - Dívida Ativa,5000.00
4169999010100000000,Outros Serviços - SAMAE,5000.00
4169999010200000000,Outros Serviços - Demais Serviços,10000.00
4171151110000000000,Cota-parte do fundo de participação dos municípios - cota mensal - Principal,41500000.00
4171151210000000000,Cota-parte do fundo de participação dos municípios - cotas extraordinárias - Principal,4287000.00
4171152010000000000,Cota-parte do imposto sobre a propriedade territorial rural - Principal,15000.00
4171251010000000000,Cota-parte da compensação financeira pela exploração de recursos minerais - cfem - Principal,393000.00
4171252110000000000,Cota-parte da compensação financeira pela produção de petróleo - lei nº 7.990/90 - Principal,7700000.00
4171252410000000000,Cota-parte do fundo especial do petróleo - fep - Principal,853000.00
4171350110000000000,Transferências de recursos do bloco de manutenção das ações e serviços públicos de saúde - atenção primária - Principal,3827500.00
4171350110000000000,Transferências de recursos do bloco de manutenção das ações e serviços públicos de saúde - atenção primária - Principal,693000.00
4171350110000000000,Transferências de recursos do bloco de manutenção das ações e serviços públicos de saúde - atenção primária - Principal,994085.13
4171350110000000000,Transferências de recursos do bloco de manutenção das ações e serviços públicos de saúde - atenção primária - Principal,216000.00
4171350110000000000,Transferências de recursos do bloco de manutenção das ações e serviços públicos de saúde - atenção primária - Principal,1973000.00
4171350110000000000,Transferências de recursos do bloco de manutenção das ações e serviços públicos de saúde - atenção primária - Principal,200000.00
4171350110000000000,Transferências de recursos do bloco de manutenção das ações e serviços públicos de saúde - atenção primária - Principal,200000.00
4171350110000000000,Transferências de recursos do bloco de manutenção das ações e serviços públicos de saúde - atenção primária - Principal,250000.00
4171350110000000000,Transferências de recursos do bloco de manutenção das ações e serviços públicos de saúde - atenção primária - Principal,600000.00
4171350110000000000,Transferências de recursos do bloco de manutenção das ações e serviços públicos de saúde - atenção primária - Principal,500000.00
4171350210000000000,Transferências de recursos do bloco de manutenção das ações e serviços públicos de saúde - atenção especializada - Principal,342000.00
4171350210000000000,Transferências de recursos do bloco de manutenção das ações e serviços públicos de saúde - atenção especializada - Principal,431000.00
4171350210000000000,Transferências de recursos do bloco de manutenção das ações e serviços públicos de saúde - atenção especializada - Principal,512000.00
4171350210000000000,Transferências de recursos do bloco de manutenção das ações e serviços públicos de saúde - atenção especializada - Principal,262000.00
4171350210000000000,Transferências de recursos do bloco de manutenção das ações e serviços públicos de saúde - atenção especializada - Principal,530000.00
4171350210000000000,Transferências de recursos do bloco de manutenção das ações e serviços públicos de saúde - atenção especializada - Principal,5395.97
4171350210000000000,Transferências de recursos do bloco de manutenção das ações e serviços públicos de saúde - atenção especializada - Principal,500000.00
4171350210000000000,Transferências de recursos do bloco de manutenção das ações e serviços públicos de saúde - atenção especializada - Principal,100000.00
4171350310000000000,Transferências de recursos do bloco de manutenção das ações e serviços públicos de saúde - vigilância em saúde - Principal,79000.00
4171350310000000000,Transferências de recursos do bloco de manutenção das ações e serviços públicos de saúde - vigilância em saúde - Principal,21000.00
4171350310000000000,Transferências de recursos do bloco de manutenção das ações e serviços públicos de saúde - vigilância em saúde - Principal,27000.00
4171350310000000000,Transferências de recursos do bloco de manutenção das ações e serviços públicos de saúde - vigilância em saúde - Principal,197000.00
4171350410000000000,Transferências de recursos do bloco de manutenção das ações e serviços públicos de saúde - assistência farmacêutica - Principal,250000.00
4171450010000000000,Transferências do salário-educação - Principal,2961000.00
4171452010000000000,Transferências referentes ao programa nacional de alimentação escolar - pnae - Principal,534000.00
4171452010000000000,Transferências referentes ao programa nacional de alimentação escolar - pnae - Principal,52000.00
4171452010000000000,Transferências referentes ao programa nacional de alimentação escolar - pnae - Principal,323000.00
4171452010000000000,Transferências referentes ao programa nacional de alimentação escolar - pnae - Principal,136000.00
4171453010000000000,Transferências referentes ao programa nacional de apoio ao transporte do escolar - pnate - Principal,13400.00
4171499010000000000,Outras transferências diretas do fundo nacional do desenvolvimento da educação - fnde - Principal,830000.00
4171650010000000000,Transferências de recursos do fundo nacional de assistência social - fnas - Principal,12000.00
4171650010000000000,Transferências de recursos do fundo nacional de assistência social - fnas - Principal,7700.00
4171650010000000000,Transferências de recursos do fundo nacional de assistência social - fnas - Principal,68000.00
4171650010000000000,Transferências de recursos do fundo nacional de assistência social - fnas - Principal,54000.00
4171650010000000000,Transferências de recursos do fundo nacional de assistência social - fnas - Principal,12000.00
4171650010000000000,Transferências de recursos do fundo nacional de assistência social - fnas - Principal,42000.00
4171650010000000000,Transferências de recursos do fundo nacional de assistência social - fnas - Principal,18000.00
4171958010000000000,Transferência obrigatória decorrente da lei complementar n° 176/2020 - Principal,158000.00
4171960010000000000,Transferências da Política Nacional Aldir Blanc de Fomento à Cultura - Lei nº 14.399/2022 - Principal,250000.00
4172150010000000000,Cota-parte do ICMS - Principal,89000000.00
4172151010000000000,Cota-parte do IPVA - Principal,10000000.00
4172152010000000000,Cota-parte do IPI - municípios - Principal,1100000.00
4172153010000000000,Cota-parte da contribuição de intervenção no domínio econômico - Principal,44000.00
4172350010000000000,Transferências de recursos do sistema único de saúde - SUS - Principal,12173.25
4172350010000000000,Transferências de recursos do sistema único de saúde - SUS - Principal,762000.00
4172350010000000000,Transferências de recursos do sistema único de saúde - SUS - Principal,150000.00
4172350010000000000,Transferências de recursos do sistema único de saúde - SUS - Principal,3000.00
4172499010000000000,Outras transferências de convênios dos estados e df e de suas entidades - Principal,146952.86
4172499010000000000,Outras transferências de convênios dos estados e df e de suas entidades - Principal,149980.46
4172951010000000000,Transferências de estados destinadas à assistência social - Principal,2900.00
4172951010000000000,Transferências de estados destinadas à assistência social - Principal,96505.38
4172951010000000000,Transferências de estados destinadas à assistência social - Principal,41000.00
4172951010000000000,Transferências de estados destinadas à assistência social - Principal,83800.00
4172999010000000000,Outras transferências dos estados e df - Principal,300000.00
4172999010000000000,Outras transferências dos estados e df - Principal,100140.00
4172999010000000000,Outras transferências dos estados e df - Principal,175000.00
4174199010000000000,Outras transferências de instituições privadas - Principal,20000.00
4174199010000000000,Outras transferências de instituições privadas - Principal,5000.00
4175150010100000000,Transferências de recursos do fundo de manutenção e desenvolvimento da educação básica e de valorização dos profissionais da educação - FUNDEB - Principal,41120000.00
4175150010100000000,Transferências de recursos do fundo de manutenção e desenvolvimento da educação básica e de valorização dos profissionais da educação - FUNDEB - Principal,6880000.00
4175150010200000000,Transferências FUNDEB  - Principal (Ação Judicial-0311732-94.2017.8.24.0023),180000.00
4175150010200000000,Transferências FUNDEB  - Principal (Ação Judicial-0311732-94.2017.8.24.0023),20000.00
4179199010000000000,Outras transferências de pessoas físicas - Principal,20000.00
4179199010000000000,Outras transferências de pessoas físicas - Principal,5000.00
4191101020000000000,Multas previstas em legislação específica - Multas e Juros,1000.00
4191101030000000000,Multas previstas em legislação específica - Dívida Ativa,5000.00
4191101040000000000,Multas previstas em legislação específica - Dívida Ativa - Multas e Juros,3000.00
4191106110100000000,Multas administrativas por danos ambientais: FMMA - Infrações Ambientais - Principal,400.00
4191106110200000000,Multas administrativas por danos ambientais:  FMMA - Licenças Ambientais - Principal,100.00
4191106130200000000,Multas administrativas por danos ambientais: FMMA - Licenças Ambientais - Dívida Ativa,100.00
4191106140200000000,Multas administrativas por danos ambientais: FMMA - Licenças Ambientais - Dívida Ativa - Multas e Juros,100.00
4191107010000000000,Multas Aplicadas Pelos Tribunais de Contas - principal,3000.00
4191107030000000000,Multas Aplicadas Pelos Tribunais de Contas - Dívida Ativa,5000.00
4191107040000000000,Multas Aplicadas Pelos Tribunais de Contas - Multa e Juros de Mora da Divida Ativa,500.00
4191114010100000000,Multas de Trânsito (80%/10%/10%),260000.00
4191114010100000000,Multas de Trânsito (80%/10%/10%),260000.00
4191114010100000000,Multas de Trânsito (80%/10%/10%),2080000.00
4191114010200000000,Multas de Trânsito (70%/15%/15%),322500.00
4191114010200000000,Multas de Trânsito (70%/15%/15%),322500.00
4191114010200000000,Multas de Trânsito (70%/15%/15%),1505000.00
4192199010400000000,Outras Indenizações - SAMAE - Principal,1000.00
4199903010000000000,Compensações financeiras entre os regimes de previdência - Principal,500000.00
4199912210100000000,Ônus de Sucumbência - Principal,23600.00
4199912210200000000,Ônus de Sucumbência - Principal (LC nº 548/2024),97500.00
4199912210200000000,Ônus de Sucumbência - Principal (LC nº 548/2024),52500.00
4199912220100000000,Ônus de Sucumbência - Multa e Juros,2500.00
4199912230100000000,Ônus de Sucumbência - Divida Ativa,500.00
4199912240100000000,Ônus de Sucumbência - Divida Ativa Multa e Juros,400.00
4199999210100000000,Outras Receitas Primárias: PMP - Principal,412000.00
4199999210200000000,Outras Receitas Primárias: SAMAE - Principal,5000.00
4199999210300000000,Outras Receitas Primárias: Festa Pomerana - Principal,8700000.00
4199999210400000000,Outras Receitas Primárias:  FUNDETUR - Principal,53261.62
4199999210500000000,Outras Receitas Primárias: Fundo Municipal da Pessoa Idosa - Principal,34000.00
4199999210500000000,Outras Receitas Primárias: Fundo Municipal da Pessoa Idosa - Principal,20000.00
4199999210600000000,Outras Receitas Primárias: Fundo Municipal para Criança e o Adolescente  - Principal,40000.00
4199999210600000000,Outras Receitas Primárias: Fundo Municipal para Criança e o Adolescente  - Principal,6000.00
4199999210700000000,Outras Receitas Primárias: FMMA - CRA/ Lei 368/2019 - Certidão de Regularização Ambiental - principal,509000.00
4199999210800000000,Outras Receitas Primárias: Taxa Voluntária de Segurança - principal,7500.00
4199999211100000000,Outras Receitas Primárias: LLFP 90% CULTURA,216738.38
4199999220100000000,Outras Receitas Primárias: PMP - Multas e Juros,3000.00
4199999220200000000,Outras Receitas Primárias: SAMAE  - Multas e Juros,10000.00
4199999230100000000,Outras Receitas Primárias: PMP - Dívida Ativa,35000.00
4199999230200000000,Outras Receitas Primárias: SAMAE - Divida Ativa,35000.00
4199999240100000000,Outras Receitas Primárias: PMP - Dívida Ativa Multas e Juros,12000.00
4199999240200000000,Outras Receitas Primárias: SAMAE - Divida Ativa Multas e Juros,2000.00
4211201010000000000,Operações de crédito contratuais - mercado interno - Principal,3000000.00
4221301010100000000,Alienação de bens móveis e semoventes - Principal,200000.00
4241350010000000000,Transferências de recursos do fundo nacional de assistência social - fnas - Principal,200000.00
4241450010000000000,Transferências de convênios da união para o sistema único de saúde - SUS - Principal,3500000.00
4241451010000000000,Transferências de convênios da união destinadas a programas de educação - Principal,1430000.00
4241499010000000000,Outras transferências de convênios da união e de suas entidades - Principal,100000.00
4241499010000000000,Outras transferências de convênios da união e de suas entidades - Principal,2900000.00
4241499010000000000,Outras transferências de convênios da união e de suas entidades - Principal,219650.00
4241951010000000000,Transferência especial da união - Principal,500000.00
4242250010000000000,Transferências de convênios dos estados para o sistema único de saúde - SUS - Principal,300000.00
4242251010000000000,Transferências de convênios dos estados destinadas a programas de educação - Principal,100000.00
4242299010000000000,Outras transferências de convênios dos estados e df e de suas entidades - Principal,449999.69
4242299010000000000,Outras transferências de convênios dos estados e df e de suas entidades - Principal,779000.00
4242299010000000000,Outras transferências de convênios dos estados e df e de suas entidades - Principal,972999.98
4242299010000000000,Outras transferências de convênios dos estados e df e de suas entidades - Principal,1875306.00
4242299010000000000,Outras transferências de convênios dos estados e df e de suas entidades - Principal,200000.00
4242299010000000000,Outras transferências de convênios dos estados e df e de suas entidades - Principal,32600.00
4242299010000000000,Outras transferências de convênios dos estados e df e de suas entidades - Principal,5994796.34
4242299010000000000,Outras transferências de convênios dos estados e df e de suas entidades - Principal,221744.49
4242299010000000000,Outras transferências de convênios dos estados e df e de suas entidades - Principal,200000.00
4242999010000000000,Outras transferências de recursos dos estados - Principal,500000.00
4242999010000000000,Outras transferências de recursos dos estados - Principal,10446500.00
4242999010000000000,Outras transferências de recursos dos estados - Principal,150000.00
4242999010000000000,Outras transferências de recursos dos estados - Principal,250000.00
4242999010000000000,Outras transferências de recursos dos estados - Principal,400000.00
4242999010000000000,Outras transferências de recursos dos estados - Principal,25000.00
4242999010000000000,Outras transferências de recursos dos estados - Principal,17000.00
4242999010000000000,Outras transferências de recursos dos estados - Principal,1500.00
4242999010000000000,Outras transferências de recursos dos estados - Principal,100000.00
4242999010000000000,Outras transferências de recursos dos estados - Principal,700000.00
4242999010000000000,Outras transferências de recursos dos estados - Principal,300000.00
4242999010000000000,Outras transferências de recursos dos estados - Principal,250000.00
4242999010000000000,Outras transferências de recursos dos estados - Principal,100000.00
4242999010000000000,Outras transferências de recursos dos estados - Principal,200000.00
4242999010000000000,Outras transferências de recursos dos estados - Principal,200000.00
4242999010000000000,Outras transferências de recursos dos estados - Principal,380000.00
4242999010000000000,Outras transferências de recursos dos estados - Principal,400000.00
4242999010000000000,Outras transferências de recursos dos estados - Principal,150000.00
4242999010000000000,Outras transferências de recursos dos estados - Principal,150000.00
4712201010000000000,Taxas pela prestação de serviços em geral - Principal,42000.00
4721502110100000000,Contribuição Patronal - PMP,10027800.00
4721502110100000000,Contribuição Patronal - PMP,1114200.00
4721502110200000000,Contribuição Patronal - FMS,4299300.00
4721502110200000000,Contribuição Patronal - FMS,477700.00
4721502110300000000,Contribuição Patronal - CMV,333000.00
4721502110300000000,Contribuição Patronal - CMV,37000.00
4721502110400000000,Contribuição Patronal - SAMAE,646200.00
4721502110400000000,Contribuição Patronal - SAMAE,71800.00
4721502110600000000,Contribuição Patronal - FAP,49500.00
4721502110600000000,Contribuição Patronal - FAP,5700.00
4721550110100000000,Contribuição Patronal Inativos - PMP,3672000.00
4721550110200000000,Contribuição Patronal Inativos - CMV,70000.00
4721550110300000000,Contribuição Patronal Inativos - SAMAE,190000.00
4799901010000000000,Aportes periódicos para amortização de déficit atuarial do regimes próprios de previdência e sistema de proteção social - Principal,906000.00
9171151110000000000,Cota-parte do fundo de participação dos municípios - cota mensal - Principal,8300000.00
9171152010000000000,Cota-parte do imposto sobre a propriedade territorial rural - Principal,3000.00
9172150010000000000,Cota-parte do ICMS - Principal,17800000.00
9172151010000000000,Cota-parte do IPVA - Principal,2000000.00
9172152010000000000,Cota-parte do IPI - municípios - Principal,220000.00
