contaCodigo,contaDescricao,valorArrecadado
4111250010000000000,Imposto sobre a propriedade predial e territorial urbana - Principal,8816124.99
4111250020000000000,Imposto sobre a propriedade predial e territorial urbana - Multas e Juros,25406.51
4111250030000000000,Imposto sobre a propriedade predial e territorial urbana - Dívida Ativa,244033.58
4111250040000000000,Imposto sobre a propriedade predial e territorial urbana - Dívida Ativa - Multas e Juros,80292.42
4111253010000000000,"impostos sobre transmissão ""inter vivos"" de bens imóveis e de direitos reais sobre imóveis - Principal",3755361.11
4111253020000000000,"impostos sobre transmissão ""inter vivos"" de bens imóveis e de direitos reais sobre imóveis - Multas e Juros",185.15
4111253030000000000,"impostos sobre transmissão ""inter vivos"" de bens imóveis e de direitos reais sobre imóveis - Dívida Ativa",4422.56
4111253040000000000,"impostos sobre transmissão ""inter vivos"" de bens imóveis e de direitos reais sobre imóveis - Dívida Ativa - Multas e Juros",1345.19
4111303110000000000,Imposto sobre a renda - retido na fonte - trabalho - Principal,7152952.94
4111303410000000000,Imposto sobre a renda - retido na fonte - outros rendimentos - Principal,853771.21
4111451110000000000,Imposto sobre serviços de qualquer natureza - issqn - Principal,12901100.76
4111451120000000000,Imposto sobre serviços de qualquer natureza - issqn - Multas e Juros,160257.21
4111451130000000000,Imposto sobre serviços de qualquer natureza - issqn - Dívida Ativa,332179.52
4111451140000000000,Imposto sobre serviços de qualquer natureza - issqn - Dívida Ativa - Multas e Juros,217823.95
4112101010100000000,Taxa pelo exercício do poder de polícia - Principal,1347299.66
4112101010200000000,"Taxa ( LC nº. 173/2009, Inciso I do Art. 3º/ LC nº 370/2019. CONVÊNIO Nº 053/2026 ) - Principal",385357.40
4112101020100000000,Taxas pelo exercício do poder de polícia - Multas e Juros,10560.75
4112101030100000000,Taxas pelo exercício do poder de polícia - Divida Ativa,63028.03
4112101030200000000,"Taxas ( LC nº. 173/2009, Inciso I do Art. 3º/ LC nº 370/2019. CONVÊNIO Nº 053/2026 ) - Divida Ativa",1280.54
4112101040100000000,Taxas pelo exercício do poder de polícia - Dívida Ativa Multas e Juros,52099.37
4112101040200000000,"Taxas ( LC nº. 173/2009, Inciso I do Art. 3º/ LC nº 370/2019. CONVÊNIO Nº 053/2026 ) - Divida Ativa Multas e Juros",1481.30
4112150010000000000,Taxa de fiscalização de vigilância sanitária - Principal,162848.66
4112150020000000000,Taxa de fiscalização de vigilância sanitária - Multas e Juros,1066.17
4112150030000000000,Taxa de fiscalização de vigilância sanitária - Dívida Ativa,12344.18
4112150040000000000,Taxa de fiscalização de vigilância sanitária - Dívida Ativa - Multas e Juros,10428.49
4112201010100000000,Taxas pela prestação de serviços - Principal,170561.73
4112201010200000000,Taxa Meio Ambiente (CIMVI) - Principal,231748.16
4112201010600000000,Taxa de Coleta de Lixo - SAMAE - Principal,2957580.81
4112201020100000000,Taxas pela prestação de serviços - Multas e Juros,132.19
4112201020200000000,Taxa Meio Ambiente (CIMVI) - Multas e Juros,66.27
4112201020600000000,Taxa de Coleta de Lixo - SAMAE - Multas e Juros,7701.45
4112201030100000000,Taxas pela prestação de serviços - Dívida Ativa,3705.41
4112201030200000000,Taxa Meio Ambiente (CIMVI) - Dívida Ativa,637.47
4112201040100000000,Taxas pela prestação de serviços - Dívida Ativa - Multas e Juros,3364.70
4112201040200000000,Taxa Meio Ambiente (CIMVI) - Dívida Ativa - multas e juros,41.44
4113153010000000000,Contribuição de melhoria para pavimentação e obras complementares - Principal,2187.02
4113153020000000000,Contribuição de melhoria para pavimentação e obras complementares - Multas e Juros,19.67
4113153030000000000,Contribuição de melhoria para pavimentação e obras complementares - Dívida Ativa,5904.52
4113153040000000000,Contribuição de melhoria para pavimentação e obras complementares - Dívida Ativa - Multas e Juros,4213.55
4121501110100000000,Contribuição do Servidor Ativo - PMP,3447393.97
4121501110200000000,Contribuição do Servidor Ativo - FMS,1377460.11
4121501110300000000,Contribuição do Servidor Ativo - CMV,75174.34
4121501110400000000,Contribuição do Servidor Ativo - SAMAE,172814.63
4121501110700000000,Contribuição do Servidor Ativo - FAP,24818.78
4121501210100000000,Contribuição para o rpps,354491.19
4121950910000000000,Demais Contribuições Previdenciárias - Principal,6764.02
4121950920000000000,Demais Contribuições Previdenciárias - Multas e Juros,140.95
4121950930000000000,Demais Contribuições Previdenciárias - Dívida Ativa,7349.98
4121950940000000000,Demais Contribuições Previdenciárias - Dívida Ativa - Multas e Juros,572.94
4124150010000000000,Contribuição para o custeio do serviço de iluminação pública - Principal,2564246.93
4124150020000000000,Contribuição para o custeio do serviço de iluminação pública - Multas e Juros,386.91
4124150030000000000,Contribuição para o custeio do serviço de iluminação pública - Dívida Ativa,4074.55
4124150040000000000,Contribuição para o custeio do serviço de iluminação pública - Dívida Ativa - Multas e Juros,1751.31
4131101110000000000,Aluguéis e arrendamentos - Principal,28217.18
4131101120000000000,Aluguéis e arrendamentos - Multas e Juros,16.64
4131101130000000000,Aluguéis e arrendamentos - Dívida Ativa,8364.90
4131101140000000000,Aluguéis e arrendamentos - Dívida Ativa - Multas e Juros,9782.39
4132101110100000000,Remuneração de depósitos bancários - Recursos Próprios,4326570.87
4132101110200000000,Remuneração de depósitos bancários - Vinculados Outros,1551176.00
4132101110300000000,Remuneração de depósitos bancários - Educação,586717.28
4132101110400000000,Remuneração de depósitos bancários - Saúde,888418.11
4132101110500000000,Remuneração de depósitos bancários - Assistência Social,73756.82
4132101110600000000,Remuneração de depósitos bancários - Samae,44573.78
4132101110700000000,Remuneração de depósitos bancários - Trânsito (80%/10%/10%),45362.10
4132101110800000000,Remuneração de depósitos bancários - Trânsito (70%/15%/15%),37387.28
4132101110900000000,Remuneração de depósitos bancários - FUNREBOM (60%/40%),231031.93
4132104010200000000,Remuneração dos recursos do regime próprio de previdência social - RPPS - Renda Variável,4289886.43
4136101110000000000,Cessão do direito de operacionalização de pagamentos - poderes executivo e legislativo - Principal,2751800.00
4151101010000000000,Receita industrial - Principal,474160.41
4151101050000000000,Receita	Receita industrial - Multas,409.26
4151101060000000000,Receita	Receita industrial - Juros de mora,204.63
4161102010100000000,Inscrição em concursos e processos seletivos (PMP) - principal,75680.00
4169999010100000000,Outros Serviços - SAMAE,864.78
4171151110000000000,Cota-parte do fundo de participação dos municípios - cota mensal - Principal,25293897.12
4171151210000000000,Cota-parte do fundo de participação dos municípios - cotas extraordinárias - Principal,1828900.44
4171152010000000000,Cota-parte do imposto sobre a propriedade territorial rural - Principal,2620.95
4171251010000000000,Cota-parte da compensação financeira pela exploração de recursos minerais - cfem - Principal,205324.93
4171252110000000000,Cota-parte da compensação financeira pela produção de petróleo - lei nº 7.990/90 - Principal,5055247.21
4171252410000000000,Cota-parte do fundo especial do petróleo - fep - Principal,549567.39
4171350110000000000,Transferências de recursos do bloco de manutenção das ações e serviços públicos de saúde - atenção primária - Principal,6491432.92
4171350210000000000,Transferências de recursos do bloco de manutenção das ações e serviços públicos de saúde - atenção especializada - Principal,1831704.67
4171350310000000000,Transferências de recursos do bloco de manutenção das ações e serviços públicos de saúde - vigilância em saúde - Principal,187024.65
4171450010000000000,Transferências do salário-educação - Principal,1943473.99
4171452010000000000,Transferências referentes ao programa nacional de alimentação escolar - pnae - Principal,768261.00
4171453010000000000,Transferências referentes ao programa nacional de apoio ao transporte do escolar - pnate - Principal,12591.89
4171553010000000000,Transferências de recursos do FUNDEB destinados à criação de matrículas em Eti - Principal,120491.88
4171650010000000000,Transferências de recursos do fundo nacional de assistência social - fnas - Principal,114821.61
4171958010000000000,Transferência obrigatória decorrente da lei complementar n° 176/2020 - Principal,90743.31
4171960010000000000,Transferências da Política Nacional Aldir Blanc de Fomento à Cultura - Lei nº 14.399/2022 - Principal,260926.98
4172150010000000000,Cota-parte do ICMS - Principal,51748685.33
4172151010000000000,Cota-parte do IPVA - Principal,5979331.80
4172152010000000000,Cota-parte do IPI - municípios - Principal,588373.68
4172153010000000000,Cota-parte da contribuição de intervenção no domínio econômico - Principal,30714.19
4172350010000000000,Transferências de recursos do sistema único de saúde - SUS - Principal,520860.95
4172499010000000000,Outras transferências de convênios dos estados e df e de suas entidades - Principal,149980.46
4172951010000000000,Transferências de estados destinadas à assistência social - Principal,197371.38
4172999010000000000,Outras transferências dos estados e df - Principal,575140.00
4175150010100000000,Transferências de recursos do fundo de manutenção e desenvolvimento da educação básica e de valorização dos profissionais da educação - FUNDEB - Principal,26820895.83
4175150010200000000,Transferências FUNDEB  - Principal (Ação Judicial-0311732-94.2017.8.24.0023),220933.13
4175150010300000000,Transferências FUNDEB: 4% (Escola Tempo Integral),794827.13
4191101010000000000,Multas previstas em legislação específica - Principal,7974.05
4191101020000000000,Multas previstas em legislação específica - Multas e Juros,726.81
4191101030000000000,Multas previstas em legislação específica - Dívida Ativa,8188.98
4191101040000000000,Multas previstas em legislação específica - Dívida Ativa - Multas e Juros,4587.46
4191106110200000000,Multas administrativas por danos ambientais:  FMMA - Licenças Ambientais - Principal,14700.00
4191106130100000000,Multas administrativas por danos ambientais: FMMA - Infrações Ambientais - Dívida Ativa,2780.04
4191106130200000000,Multas administrativas por danos ambientais: FMMA - Licenças Ambientais - Dívida Ativa,1284.52
4191106140100000000,Multas administrativas por danos ambientais: FMMA - Infrações Ambientais - Dívida Ativa - Multas e Juros,1164.59
4191106140200000000,Multas administrativas por danos ambientais: FMMA - Licenças Ambientais - Dívida Ativa - Multas e Juros,539.59
4191107030000000000,Multas Aplicadas Pelos Tribunais de Contas - Dívida Ativa,481.68
4191107040000000000,Multas Aplicadas Pelos Tribunais de Contas - Multa e Juros de Mora da Divida Ativa,126.82
4191114010100000000,Multas de Trânsito (80%/10%/10%),2209184.41
4191114010200000000,Multas de Trânsito (70%/15%/15%),1477409.78
4192101010000000000,Indenizações por danos causados ao patrimônio público - Principal,193303.76
4199903010000000000,Compensações financeiras entre os regimes de previdência - Principal,181087.51
4199912210100000000,Ônus de Sucumbência - Principal,9969.20
4199912210200000000,Ônus de Sucumbência - Principal (LC nº 548/2024),93765.05
4199912220100000000,Ônus de Sucumbência - Multa e Juros,709.87
4199912220200000000,Ônus de Sucumbência - Multa e Juros (LC nº 548/2024),1730.79
4199912230100000000,Ônus de Sucumbência - Divida Ativa,349.44
4199912240100000000,Ônus de Sucumbência - Divida Ativa Multa e Juros,249.72
4199999210100000000,Outras Receitas Primárias: PMP - Principal,895988.50
4199999210200000000,Outras Receitas Primárias: SAMAE - Principal,234883.06
4199999210300000000,Outras Receitas Primárias: Festa Pomerana - Principal,8509563.09
4199999210500000000,Outras Receitas Primárias: Fundo Municipal da Pessoa Idosa - Principal,83824.98
4199999210600000000,Outras Receitas Primárias: Fundo Municipal para Criança e o Adolescente  - Principal,101237.35
4199999210700000000,Outras Receitas Primárias: FMMA - CRA/ Lei 368/2019 - Certidão de Regularização Ambiental - principal,20941.41
4199999210800000000,Outras Receitas Primárias: Taxa Voluntária de Segurança - principal,15860.45
4199999220100000000,Outras Receitas Primárias: PMP - Multas e Juros,2231.85
4199999220200000000,Outras Receitas Primárias: SAMAE  - Multas e Juros,704.85
4199999220300000000,Outras Receitas Primárias: Festa Pomerana - Multas e Juros,3500.20
4199999230100000000,Outras Receitas Primárias: PMP - Dívida Ativa,44360.24
4199999230300000000,Outras Receitas Primárias: Festa Pomerana - Dívida Ativa,101.09
4199999230700000000,Outras Receitas Primárias: FMMA - CRA/ Lei 368/2019 - Certidão de Regularização Ambiental - Dívida Ativa,132.63
4199999240100000000,Outras Receitas Primárias: PMP - Dívida Ativa Multas e Juros,14747.52
4199999240300000000,Outras Receitas Primárias: Festa Pomerana - Dívida Ativa Multas e Juros,82.86
4199999240700000000,Outras Receitas Primárias: FMMA - CRA/ Lei 368/2019 - Certidão de Regularização Ambiental - Dívida Ativa Multas e Juros,100.37
4221301010100000000,Alienação de bens móveis e semoventes - Principal,15000.00
4241350010000000000,Transferências de recursos do fundo nacional de assistência social - fnas - Principal,200000.00
4241451010000000000,Transferências de convênios da união destinadas a programas de educação - Principal,338041.10
4241499010000000000,Outras transferências de convênios da união e de suas entidades - Principal,122862.55
4241951010000000000,Transferência especial da união - Principal,288653.52
4242299010000000000,Outras transferências de convênios dos estados e df e de suas entidades - Principal,5673344.18
4242999010000000000,Outras transferências de recursos dos estados - Principal,3880000.00
4721502110100000000,Contribuição Patronal - PMP,4826282.95
4721502110200000000,Contribuição Patronal - FMS,1973072.09
4721502110300000000,Contribuição Patronal - CMV,105244.08
4721502110400000000,Contribuição Patronal - SAMAE,241953.31
4721502110600000000,Contribuição Patronal - FAP,34746.29
4721550110100000000,Contribuição Patronal Inativos - PMP,2061548.37
4721550110200000000,Contribuição Patronal Inativos - CMV,33497.09
4721550110300000000,Contribuição Patronal Inativos - SAMAE,111907.78
4799901010000000000,Aportes periódicos para amortização de déficit atuarial do regimes próprios de previdência e sistema de proteção social - Principal,1648219.00
9111250010000000000,Imposto sobre a propriedade predial e territorial urbana - Principal,-705322.06
9111250020000000000,Imposto sobre a propriedade predial e territorial urbana - Multas e Juros,-35.95
9111253010000000000,"impostos sobre transmissão ""inter vivos"" de bens imóveis e de direitos reais sobre imóveis - Principal",-84368.72
9111303110000000000,Imposto sobre a renda - retido na fonte - trabalho - Principal,-19377.50
9111303410000000000,Imposto sobre a renda - retido na fonte - outros rendimentos - Principal,-105.98
9111451110000000000,Imposto sobre serviços de qualquer natureza - issqn - Principal,-34398.53
9111451120000000000,Imposto sobre serviços de qualquer natureza - issqn - Multas e Juros,-24.22
9112101010100000000,Taxa pelo exercício do poder de polícia - Principal,-2990.20
9112201010100000000,Taxas pela prestação de serviços - Principal,-209.50
9112201010600000000,Taxa de Coleta de Lixo - SAMAE - Principal,-30015.67
9112201020600000000,Taxa de Coleta de Lixo - SAMAE - Multas e Juros,-13.28
9124150010000000000,Contribuição para o custeio do serviço de iluminação pública - Principal,-87.10
9124150020000000000,Contribuição para o custeio do serviço de iluminação pública - Multas e Juros,-0.27
9171151110000000000,Cota-parte do fundo de participação dos municípios - cota mensal - Principal,-5058779.18
9171152010000000000,Cota-parte do imposto sobre a propriedade territorial rural - Principal,-524.07
9172150010000000000,Cota-parte do ICMS - Principal,-10349736.38
9172151010000000000,Cota-parte do IPVA - Principal,-1195865.84
9172152010000000000,Cota-parte do IPI - municípios - Principal,-117674.75
9191114010100000000,Multas de Trânsito (80%/10%/10%),-110396.20
9191114010200000000,Multas de Trânsito (70%/15%/15%),-55805.08
9199999210100000000,Outras Receitas Primárias: PMP - Principal,-7599.63
9199999210200000000,Outras Receitas Primárias: SAMAE - Principal,-8271.80
9199999230100000000,Outras Receitas Primárias: PMP - Dívida Ativa,-125.71
9199999240100000000,Outras Receitas Primárias: PMP - Dívida Ativa Multas e Juros,-50.29
